Nome,Princípio Ativo,Tipo,Via de Administração,Concentração,Posologia
Tylenol 500mg,Paracetamol,Referência,Oral,500mg,1 comprimido a cada 6 horas se necessário
Dipirona Monoidratada 500mg Genérico,Dipirona Monoidratada,Genérico,Oral,500mg,1 comprimido a cada 8 horas
Amoxil BD 875mg,Amoxicilina Trihidratada,Referência,Oral,875mg,1 comprimido de 12 em 12 horas
Neosaldina,Dipirona + Cafeína + Isometepteno,Referência,Oral,300mg + 30mg + 30mg,"1 a 2 comprimidos se necessário, até 4 vezes ao dia"
Losartana Potássica 50mg Genérico,Losartana Potássica,Genérico,Oral,50mg,1 comprimido ao dia
Omeprazol 20mg,Omeprazol,Genérico,Oral,20mg,1 cápsula ao dia em jejum
Glucoformin 850mg,Cloridrato de Metformina,Similar,Oral,850mg,1 comprimido duas vezes ao dia
Tylex 30mg,Codeína + Paracetamol,Referência,Oral,30mg + 500mg,1 comprimido a cada 6 horas
Captopril 25mg,Captopril,Genérico,Oral,25mg,1 comprimido 2 a 3 vezes ao dia
Hidroclorotiazida 25mg,Hidroclorotiazida,Genérico,Oral,25mg,1 comprimido ao dia
AAS Infantil 100mg,Ácido Acetilsalicílico,Referência,Oral,100mg,1 comprimido ao dia
Plavix 75mg,Clopidogrel,Referência,Oral,75mg,1 comprimido ao dia
Adalat 10mg,Nifedipino,Referência,Oral,10mg,1 comprimido de 8 em 8 horas
Atenolol 50mg,Atenolol,Genérico,Oral,50mg,1 comprimido ao dia
Metoprolol 25mg,Succinato de Metoprolol,Genérico,Oral,25mg,1 a 2 comprimidos ao dia
Sinvastatina 20mg,Sinvastatina,Genérico,Oral,20mg,1 comprimido à noite
Rosuvastatina 10mg,Rosuvastatina Cálcica,Referência,Oral,10mg,1 comprimido ao dia
Xarelto 20mg,Rivaroxabana,Referência,Oral,20mg,1 comprimido ao dia
Clexane 40mg,Enoxaparina Sódica,Referência,Subcutânea,40mg/0.4ml,1 aplicação ao dia
Tamsulon 0.4mg,Cloridrato de Tansulosina,Referência,Oral,0.4mg,1 cápsula ao dia após o café da manhã
Amitriptilina 25mg,Cloridrato de Amitriptilina,Genérico,Oral,25mg,1 comprimido ao deitar
Sertralina 50mg,Cloridrato de Sertralina,Genérico,Oral,50mg,1 comprimido pela manhã
Escitalopram 10mg,Oxalato de Escitalopram,Genérico,Oral,10mg,1 comprimido ao dia
Fluoxetina 20mg,Cloridrato de Fluoxetina,Genérico,Oral,20mg,1 cápsula ao dia
Risperidona 1mg,Risperidona,Genérico,Oral,1mg,1 a 2 comprimidos por dia
Quetiapina 25mg,Quetiapina,Genérico,Oral,25mg,1 comprimido à noite
Clonazepam 2mg,Clonazepam,Genérico,Oral,2mg,1 comprimido à noite
Alprazolam 0.5mg,Alprazolam,Genérico,Oral,0.5mg,1 comprimido à noite
Diazepam 10mg,Diazepam,Genérico,Oral,10mg,1 comprimido à noite
Carbamazepina 200mg,Carbamazepina,Genérico,Oral,200mg,1 comprimido de 12 em 12 horas
Fenitoína 100mg,Fenitoína Sódica,Genérico,Oral,100mg,1 cápsula 3 vezes ao dia
Ácido Valproico 500mg,Ácido Valproico,Genérico,Oral,500mg,1 comprimido de 12 em 12 horas
Lamotrigina 25mg,Lamotrigina,Genérico,Oral,25mg,1 comprimido ao dia
Topiramato 50mg,Topiramato,Genérico,Oral,50mg,1 comprimido ao dia
Levetiracetam 500mg,Levetiracetam,Genérico,Oral,500mg,1 comprimido 2 vezes ao dia
Ácido Fólico 5mg,Ácido Fólico,Genérico,Oral,5mg,1 comprimido ao dia
Cianocobalamina 1mg,Cianocobalamina,Genérico,Intramuscular,1mg/mL,1 ampola por semana
Vitamina D3 7000UI,Colecalciferol,Similar,Oral,7000UI,1 cápsula por semana
Polivitamínico Centrum,Vitaminas e Minerais,Referência,Oral,comprimido único,1 comprimido ao dia
Prednisona 20mg,Prednisona,Genérico,Oral,20mg,1 comprimido ao dia
Dexametasona 4mg,Dexametasona,Genérico,Oral,4mg,1 comprimido ao dia
Lorazepam 2mg,Lorazepam,Genérico,Oral,2mg,1 comprimido à noite
Bromazepam 3mg,Bromazepam,Genérico,Oral,3mg,1 comprimido ao dia
Clorpromazina 100mg,Clorpromazina,Genérico,Oral,100mg,1 comprimido de 8 em 8 horas
Haloperidol 5mg,Haloperidol,Genérico,Oral,5mg,1 comprimido ao dia
Clonidina 0.1mg,Cloridrato de Clonidina,Genérico,Oral,0.1mg,1 comprimido 2 vezes ao dia
Propranolol 40mg,Cloridrato de Propranolol,Genérico,Oral,40mg,1 comprimido 2 vezes ao dia
Furosemida 40mg,Furosemida,Genérico,Oral,40mg,1 comprimido ao dia
Espironolactona 25mg,Espironolactona,Genérico,Oral,25mg,1 comprimido ao dia
Hidroclorotiazida + Losartana 50mg + 12.5mg,Losartana Potássica + Hidroclorotiazida,Genérico,Oral,50mg + 12.5mg,1 comprimido ao dia
Naproxeno 500mg,Naproxeno Sódico,Genérico,Oral,500mg,1 comprimido a cada 12 horas
Cetoprofeno 100mg,Cetoprofeno,Genérico,Oral,100mg,1 comprimido 2 vezes ao dia
Diclofenaco Sódico 50mg,Diclofenaco Sódico,Genérico,Oral,50mg,1 comprimido a cada 8 horas
Ibuprofeno 600mg,Ibuprofeno,Genérico,Oral,600mg,1 comprimido a cada 6 a 8 horas
Clindamicina 300mg,Cloridrato de Clindamicina,Genérico,Oral,300mg,1 cápsula a cada 6 horas
Ciprofloxacino 500mg,Cloridrato de Ciprofloxacino,Genérico,Oral,500mg,1 comprimido de 12 em 12 horas
Azitromicina 500mg,Azitromicina Di-hidratada,Genérico,Oral,500mg,1 comprimido ao dia por 3 dias
Cefalexina 500mg,Cefalexina,Genérico,Oral,500mg,1 cápsula de 6 em 6 horas
Doxiciclina 100mg,Doxiciclina,Genérico,Oral,100mg,1 comprimido de 12 em 12 horas
Nistatina 100.000UI/mL,Nistatina,Genérico,Oral,100.000UI/mL,5 mL 4 vezes ao dia
Miconazol 20mg/g,Nitrato de Miconazol,Genérico,Tópica,20mg/g,Aplicar 2 vezes ao dia
Fluconazol 150mg,Fluconazol,Genérico,Oral,150mg,Dose única
Metronidazol 400mg,Metronidazol,Genérico,Oral,400mg,1 comprimido de 8 em 8 horas
Albendazol 400mg,Albendazol,Genérico,Oral,400mg,Dose única
Ivermectina 6mg,Ivermectina,Genérico,Oral,6mg,1 comprimido para cada 30kg
Hidroxicloroquina 400mg,Sulfato de Hidroxicloroquina,Genérico,Oral,400mg,1 comprimido ao dia
Loratatina 10mg,Loratadina,Genérico,Oral,10mg,1 comprimido ao dia
Desloratadina 5mg,Desloratadina,Referência,Oral,5mg,1 comprimido ao dia
Levocetirizina 5mg,Levocetirizina Dicloridrato,Genérico,Oral,5mg,1 comprimido ao dia
Cetirizina 10mg,Dicloridrato de Cetirizina,Genérico,Oral,10mg,1 comprimido ao dia
Ranitidina 150mg,Cloridrato de Ranitidina,Genérico,Oral,150mg,1 comprimido de 12 em 12 horas
Famotidina 40mg,Famotidina,Genérico,Oral,40mg,1 comprimido ao dia
Pantoprazol 40mg,Pantoprazol Sódico Sesqui-hidratado,Genérico,Oral,40mg,1 comprimido ao dia em jejum
Esomeprazol 20mg,Esomeprazol Magnésico Tri-hidratado,Referência,Oral,20mg,1 comprimido ao dia em jejum
Domperidona 10mg,Domperidona,Genérico,Oral,10mg,1 comprimido antes das refeições
Bromoprida 10mg,Bromoprida,Genérico,Oral,10mg,1 comprimido antes das refeições
Buscopan Composto,Butilbrometo de Escopolamina + Dipirona,Referência,Oral,10mg + 250mg,1 comprimido até 4 vezes ao dia
Hioscina 10mg,Butilbrometo de Escopolamina,Genérico,Oral,10mg,1 comprimido até 3 vezes ao dia
Dramin B6,Dimenidrinato + Cloridrato de Piridoxina,Referência,Oral,50mg + 10mg,1 comprimido a cada 6 horas se necessário
Plasil 10mg,Cloridrato de Metoclopramida,Referência,Oral,10mg,1 comprimido até 3 vezes ao dia
Noripurum 100mg,Hidróxido de Ferro III Polimaltosado,Referência,Oral,100mg,1 comprimido ao dia
Sulfato Ferroso 40mg,Sulfato Ferroso,Genérico,Oral,40mg,1 comprimido ao dia
Carbonato de Cálcio + Vitamina D3,Carbonato de Cálcio + Colecalciferol,Similar,Oral,500mg + 200UI,1 comprimido ao dia
Calcitriol 0.25mcg,Calcitriol,Referência,Oral,0.25mcg,1 cápsula ao dia
Glicazida 30mg,Glicazida,Genérico,Oral,30mg,1 comprimido antes do café da manhã
Glibenclamida 5mg,Glibenclamida,Genérico,Oral,5mg,1 comprimido ao dia
Insulina NPH,Insulina Humana NPH,Referência,Subcutânea,100UI/mL,Conforme prescrição médica
Insulina Regular,Insulina Humana Regular,Referência,Subcutânea,100UI/mL,Conforme prescrição médica
Levotiroxina 50mcg,Levotiroxina Sódica,Genérico,Oral,50mcg,1 comprimido em jejum pela manhã
Propiltiouracil 100mg,Propiltiouracil,Genérico,Oral,100mg,1 comprimido 3 vezes ao dia
Alendronato 70mg,Alendronato de Sódio,Genérico,Oral,70mg,1 comprimido 1 vez por semana
Risedronato 35mg,Risedronato de Sódio,Referência,Oral,35mg,1 comprimido 1 vez por semana
Desogestrel 75mcg,Desogestrel,Referência,Oral,75mcg,1 comprimido ao dia sem pausa
Levonorgestrel 0.75mg,Levonorgestrel,Referência,Oral,0.75mg,Tomar 2 doses com intervalo de 12h
Etinilestradiol + Levonorgestrel,Etinilestradiol + Levonorgestrel,Genérico,Oral,30mcg + 150mcg,1 comprimido ao dia por 21 dias
Ácido Tranexâmico 250mg,Ácido Tranexâmico,Genérico,Oral,250mg,1 comprimido 3 vezes ao dia
Misoprostol 200mcg,Misoprostol,Genérico,Oral,200mcg,Conforme indicação médica
Sildenafil 50mg,Sildenafila,Genérico,Oral,50mg,1 comprimido conforme necessidade
Tadalafila 20mg,Tadalafila,Genérico,Oral,20mg,1 comprimido ao dia ou conforme necessidade
Finasterida 1mg,Finasterida,Genérico,Oral,1mg,1 comprimido ao dia
Clorfeniramina 4mg,Maleato de Clorfeniramina,Genérico,Oral,4mg,1 comprimido a cada 8 horas
Hidroxizina 25mg,Dicloridrato de Hidroxizina,Genérico,Oral,25mg,1 comprimido até 3x ao dia
Montelucaste de Sódio 10mg,Montelucaste de Sódio,Genérico,Oral,10mg,1 comprimido ao dia
Tiotropio 18mcg,Tiotrópio,Referência,Inalatória,18mcg,1 cápsula por inalação/dia
Formoterol + Budesonida,Fumarato de Formoterol + Budesonida,Referência,Inalatória,6mcg + 200mcg,2 inalações 2x ao dia
Salbutamol 100mcg,Sulfato de Salbutamol,Genérico,Inalatória,100mcg/dose,1 a 2 jatos quando necessário
Brometo de Ipratrópio 20mcg,Brometo de Ipratrópio,Genérico,Inalatória,20mcg/dose,2 jatos 4x ao dia
Beclometasona 250mcg,Dipropionato de Beclometasona,Genérico,Inalatória,250mcg/dose,2 jatos 2x ao dia
Ambroxol 30mg,Cloridrato de Ambroxol,Genérico,Oral,30mg,1 comprimido 3x ao dia
Acetilcisteína 600mg,Acetilcisteína,Genérico,Oral,600mg,1 envelope ao dia dissolvido em água
Hioscina + Dipirona Injetável,Butilbrometo de Escopolamina + Dipirona Sódica,Referência,Intramuscular,20mg + 2.5g/5ml,1 ampola se necessário
Cloreto de Sódio 0.9%,Cloreto de Sódio,Genérico,Intravenosa,0.9%,Conforme prescrição médica
Ringer Lactato,Solução de Ringer com Lactato,Genérico,Intravenosa,Solução,Conforme prescrição médica
Dextrose 5%,Glicose,Genérico,Intravenosa,5%,Conforme prescrição médica
Omeprazol IV 40mg,Omeprazol Sódico,Genérico,Intravenosa,40mg,1 ampola em dose única diária
Ceftriaxona 1g,Ceftriaxona Dissódica Hemieptaidratada,Genérico,Intramuscular/Intravenosa,1g,1 a 2g por dia
Dexametasona 4mg/mL Injetável,Fosfato Dissódico de Dexametasona,Genérico,Intramuscular,4mg/mL,1 ampola/dia
Metoclopramida 10mg/mL Injetável,Cloridrato de Metoclopramida,Genérico,Intramuscular,10mg/mL,1 ampola se necessário
Fentanila 0.05mg/mL,Citrato de Fentanila,Referência,Intravenosa,0.05mg/mL,Conforme uso anestésico
Midazolam 5mg/mL,Maleato de Midazolam,Genérico,Intramuscular/Intravenosa,5mg/mL,Conforme indicação médica
Clorpromazina Injetável 25mg/mL,Cloridrato de Clorpromazina,Genérico,Intramuscular,25mg/mL,1 ampola se necessário
Haloperidol Injetável 5mg/mL,Haloperidol,Genérico,Intramuscular,5mg/mL,1 ampola se necessário
Diazepam Injetável 10mg/2mL,Diazepam,Genérico,Intramuscular/Intravenosa,10mg/2mL,1 ampola em dose única
Fenitoína Injetável 250mg/5mL,Fenitoína Sódica,Genérico,Intravenosa,250mg/5mL,1 ampola conforme indicação médica
Ácido Valproico Injetável 400mg/4mL,Ácido Valproico,Referência,Intravenosa,100mg/mL,1 ampola 2x ao dia
Cloreto de Potássio 19.1%,Cloreto de Potássio,Genérico,Intravenosa (diluída),19.1%,Conforme necessidade de reposição
Morfina 10mg/mL,Cloridrato de Morfina,Referência,Intramuscular/Intravenosa,10mg/mL,1 ampola conforme dor
Tramadol 50mg/mL,Cloridrato de Tramadol,Genérico,Intramuscular/Intravenosa,50mg/mL,1 ampola a cada 6h se necessário
Ketorolaco 30mg/mL,Trometamol de Cetorolaco,Referência,Intramuscular,30mg/mL,1 ampola a cada 6 horas
Diclofenaco Sódico Injetável 75mg/3mL,Diclofenaco Sódico,Genérico,Intramuscular,25mg/mL,1 ampola ao dia
Hioscina Injetável 20mg/mL,Butilbrometo de Escopolamina,Genérico,Intramuscular,20mg/mL,1 ampola até 3x ao dia
Ondansetrona 4mg/2mL,Cloridrato de Ondansetrona,Genérico,Intravenosa/Intramuscular,2mg/mL,1 ampola a cada 8h
Prometazina Injetável 25mg/mL,Cloridrato de Prometazina,Genérico,Intramuscular,25mg/mL,1 ampola 1 a 2x ao dia
Dimenidrinato 50mg/mL Injetável,Dimenidrinato,Genérico,Intramuscular,50mg/mL,1 ampola a cada 8h se necessário
Fenoterol + Brometo de Ipratrópio,Fenoterol + Ipratrópio,Referência,Inalatória,0.1mg + 0.25mg/mL,20 gotas no nebulizador 3x ao dia
Adrenalina 1mg/mL,Cloridrato de Epinefrina,Referência,Intramuscular/Intravenosa/Subcutânea,1:1000,0.3 a 0.5mL por via IM em emergência
Noradrenalina 8mg/4mL,Tartarato de Norepinefrina,Referência,Intravenosa,2mg/mL,Diluir em soro e ajustar conforme resposta
Dobutamina 250mg/20mL,Cloridrato de Dobutamina,Genérico,Intravenosa,12.5mg/mL,Diluir em SG5% e ajustar conforme peso
Dopamina 200mg/10mL,Cloridrato de Dopamina,Genérico,Intravenosa,20mg/mL,Diluir em SG5% e ajustar conforme peso
Vasopressina 20UI/mL,Vasopressina,Referência,Intravenosa,20UI/mL,Diluir conforme protocolo
Atropina 0.5mg/mL,Sulfato de Atropina,Genérico,Intramuscular/Intravenosa,0.5mg/mL,0.5-1mg conforme necessário
Aminofilina 240mg/10mL,Aminofilina,Genérico,Intravenosa,24mg/mL,Dose de ataque: 5-6mg/kg
Digoxina 0.25mg/mL,Digoxina,Genérico,Intravenosa,0.25mg/mL,Conforme digitalização
Furosemida 20mg/2mL Injetável,Furosemida,Genérico,Intravenosa/Intramuscular,10mg/mL,20-40mg conforme necessário
Manitol 20%,Manitol,Genérico,Intravenosa,20%,0.5-2g/kg conforme pressão intracraniana
Bicarbonato de Sódio 8.4%,Bicarbonato de Sódio,Genérico,Intravenosa,8.4%,1mEq/kg conforme gasometria
Gluconato de Cálcio 10%,Gluconato de Cálcio,Genérico,Intravenosa,10%,1-2 ampolas conforme hipocalcemia
Sulfato de Magnésio 50%,Sulfato de Magnésio,Genérico,Intramuscular/Intravenosa,50%,2-4g conforme necessário
Vitamina K1 10mg/mL,Fitomenadiona,Genérico,Intramuscular,10mg/mL,1 ampola conforme coagulopatia
Complexo B Injetável,Vitaminas do Complexo B,Genérico,Intramuscular,ampola,1 ampola ao dia
Dexclorfeniramina 5mg/mL,Maleato de Dexclorfeniramina,Genérico,Intramuscular,5mg/mL,1 ampola se necessário
Dipirona 500mg/mL Injetável,Dipirona Sódica,Genérico,Intramuscular/Intravenosa,500mg/mL,1-2 ampolas se necessário
Tenoxicam 20mg,Tenoxicam,Genérico,Intramuscular/Intravenosa,20mg,1 ampola ao dia
Benzilpenicilina Cristalina 5.000.000UI,Penicilina G Cristalina,Genérico,Intravenosa,5.000.000UI,2-4 milhões UI de 4/4h
Ampicilina 1g,Ampicilina Sódica,Genérico,Intravenosa,1g,1-2g de 6/6h
Gentamicina 80mg/2mL,Sulfato de Gentamicina,Genérico,Intramuscular/Intravenosa,40mg/mL,3-5mg/kg/dia dividido
Vancomicina 500mg,Cloridrato de Vancomicina,Genérico,Intravenosa,500mg,15mg/kg de 12/12h
Cefazolina 1g,Cefazolina Sódica,Genérico,Intravenosa,1g,1-2g de 8/8h
Ceftazidima 1g,Ceftazidima,Genérico,Intravenosa,1g,1-2g de 8/8h
Flumazenil 0.1mg/mL,Flumazenil,Referência,Intravenosa,0.1mg/mL,0.2mg inicial pode repetir
Naloxona 0.4mg/mL,Cloridrato de Naloxona,Genérico,Intravenosa,0.4mg/mL,0.4-2mg pode repetir
Protamina 10mg/mL,Sulfato de Protamina,Genérico,Intravenosa,10mg/mL,1mg para cada 100UI de heparina
Vitamina C 500mg/5mL,Ácido Ascórbico,Genérico,Intravenosa,100mg/mL,1-2 ampolas ao dia
Ferro Dextran 50mg/mL,Ferro Dextran,Genérico,Intramuscular,50mg/mL,Conforme necessidade de ferro
Eritropoietina 4000UI,Eritropoietina Humana Recombinante,Referência,Subcutânea,4000UI,Conforme anemia e função renal
Filgrastim 300mcg,Filgrastim,Referência,Subcutânea,300mcg,5mcg/kg/dia conforme neutropenia
Imunoglobulina Humana 5g,Imunoglobulina Humana,Referência,Intravenosa,5g,0.4-2g/kg conforme indicação
Albumina Humana 20%,Albumina Humana,Referência,Intravenosa,20%,0.5-1g/kg conforme hipoalbuminemia
Plasma Fresco Congelado,Plasma Fresco Congelado,Referência,Intravenosa,unidade,10-15mL/kg conforme coagulopatia
Concentrado de Hemácias,Concentrado de Hemácias,Referência,Intravenosa,unidade,1 unidade eleva Hb em 1g/dL
Concentrado de Plaquetas,Concentrado de Plaquetas,Referência,Intravenosa,unidade,1 unidade/10kg de peso
Propofol 10mg/mL,Propofol,Referência,Intravenosa,10mg/mL,2-2.5mg/kg para indução
Etomidato 2mg/mL,Etomidato,Referência,Intravenosa,2mg/mL,0.3mg/kg para indução
Rocurônio 10mg/mL,Brometo de Rocurônio,Referência,Intravenosa,10mg/mL,0.6mg/kg para intubação
Succinilcolina 20mg/mL,Cloreto de Succinilcolina,Referência,Intravenosa,20mg/mL,1-1.5mg/kg para intubação
Neostigmina 0.5mg/mL,Metilsulfato de Neostigmina,Genérico,Intravenosa,0.5mg/mL,0.05mg/kg para reverter bloqueio
Bupivacaína 0.5%,Cloridrato de Bupivacaína,Genérico,Local,0.5%,Dose máxima 2mg/kg
Lidocaína 2%,Cloridrato de Lidocaína,Genérico,Local,2%,Dose máxima 4mg/kg
Ropivacaína 0.75%,Cloridrato de Ropivacaína,Referência,Local,0.75%,Dose máxima 3mg/kg
Sevoflurano,Sevoflurano,Referência,Inalatória,líquido volátil,1-8% conforme manutenção anestésica
Isoflurano,Isoflurano,Referência,Inalatória,líquido volátil,0.5-3% conforme manutenção anestésica
Óxido Nitroso,Óxido Nitroso,Referência,Inalatória,gás,50-70% como adjuvante anestésico
Oxigênio 100%,Oxigênio,Referência,Inalatória,gás,Conforme necessidade respiratória
Ar Comprimido Medicinal,Ar Comprimido,Referência,Inalatória,gás,Para nebulizações e ventilação
Heparina 5000UI/mL,Heparina Sódica,Genérico,Subcutânea/Intravenosa,5000UI/mL,5000UI de 12/12h profilático
Varfarina 5mg,Varfarina Sódica,Genérico,Oral,5mg,Dose conforme INR alvo
Rivaroxabana 15mg,Rivaroxabana,Referência,Oral,15mg,15-20mg ao dia conforme indicação
Apixabana 5mg,Apixabana,Referência,Oral,5mg,5mg de 12/12h
Dabigatrana 150mg,Etexilato de Dabigatrana,Referência,Oral,150mg,150mg de 12/12h
Ácido Acetilsalicílico 325mg,Ácido Acetilsalicílico,Genérico,Oral,325mg,1 comprimido ao dia
Ticagrelor 90mg,Ticagrelor,Referência,Oral,90mg,90mg de 12/12h
Prasugrel 10mg,Prasugrel,Referência,Oral,10mg,10mg ao dia
Cilostazol 100mg,Cilostazol,Genérico,Oral,100mg,100mg de 12/12h
Pentoxifilina 400mg,Pentoxifilina,Genérico,Oral,400mg,400mg de 8/8h
Isossorbida 40mg,Mononitrato de Isossorbida,Genérico,Oral,40mg,1 comprimido de 12/12h
Nitroglicerina Sublingual 0.4mg,Nitroglicerina,Referência,Sublingual,0.4mg,1 comprimido sob a língua se necessário
Dinitrato de Isossorbida 10mg,Dinitrato de Isossorbida,Genérico,Oral,10mg,10mg de 8/8h
Anlodipino 5mg,Besilato de Anlodipino,Genérico,Oral,5mg,5-10mg ao dia
Diltiazem 60mg,Cloridrato de Diltiazem,Genérico,Oral,60mg,60mg de 8/8h
Verapamil 80mg,Cloridrato de Verapamil,Genérico,Oral,80mg,80mg de 8/8h
Carvedilol 12.5mg,Carvedilol,Genérico,Oral,12.5mg,12.5mg de 12/12h
Bisoprolol 5mg,Fumarato de Bisoprolol,Genérico,Oral,5mg,5mg ao dia
Nebivolol 5mg,Cloridrato de Nebivolol,Referência,Oral,5mg,5mg ao dia
Enalapril 10mg,Maleato de Enalapril,Genérico,Oral,10mg,10mg de 12/12h
Lisinopril 10mg,Lisinopril,Genérico,Oral,10mg,10mg ao dia
Valsartana 160mg,Valsartana,Genérico,Oral,160mg,160mg ao dia
Telmisartana 80mg,Telmisartana,Genérico,Oral,80mg,80mg ao dia
Irbesartana 300mg,Irbesartana,Genérico,Oral,300mg,300mg ao dia
Candesartana 16mg,Candesartana Cilexetila,Genérico,Oral,16mg,16mg ao dia
Olmesartana 40mg,Olmesartana Medoxomila,Referência,Oral,40mg,40mg ao dia
Indapamida 2.5mg,Indapamida,Genérico,Oral,2.5mg,2.5mg ao dia
Clortalidona 25mg,Clortalidona,Genérico,Oral,25mg,25mg ao dia
Amilorida + Hidroclorotiazida 5mg + 50mg,Amilorida + Hidroclorotiazida,Genérico,Oral,5mg + 50mg,1 comprimido ao dia
Torasemida 10mg,Torasemida,Genérico,Oral,10mg,10mg ao dia
Bumetanida 1mg,Bumetanida,Genérico,Oral,1mg,1mg ao dia
Acetazolamida 250mg,Acetazolamida,Genérico,Oral,250mg,250mg de 8/8h
Manitol 20% Oral,Manitol,Genérico,Oral,solução,Conforme necessidade
Glicose 50% Injetável,Glicose Hipertônica,Genérico,Intravenosa,50%,1-2 ampolas conforme hipoglicemia
Glucagon 1mg,Glucagon,Referência,Subcutânea/Intramuscular,1mg,1mg conforme hipoglicemia severa
Gliclazida 60mg,Gliclazida,Genérico,Oral,60mg,60mg ao dia
Repaglinida 2mg,Repaglinida,Genérico,Oral,2mg,2mg antes das refeições
Pioglitazona 30mg,Pioglitazona,Genérico,Oral,30mg,30mg ao dia
Sitagliptina 100mg,Sitagliptina,Referência,Oral,100mg,100mg ao dia
Vildagliptina 50mg,Vildagliptina,Referência,Oral,50mg,50mg de 12/12h
Empagliflozina 25mg,Empagliflozina,Referência,Oral,25mg,25mg ao dia
Dapagliflozina 10mg,Dapagliflozina,Referência,Oral,10mg,10mg ao dia
Liraglutida 1.8mg,Liraglutida,Referência,Subcutânea,1.8mg,Dose progressiva até 1.8mg ao dia
Dulaglutida 1.5mg,Dulaglutida,Referência,Subcutânea,1.5mg,1.5mg por semana
Semaglutida 1mg,Semaglutida,Referência,Subcutânea,1mg,1mg por semana
Insulina Glargina,Insulina Glargina,Referência,Subcutânea,100UI/mL,Dose conforme glicemia
Insulina Detemir,Insulina Detemir,Referência,Subcutânea,100UI/mL,Dose conforme glicemia
Insulina Aspart,Insulina Aspart,Referência,Subcutânea,100UI/mL,Dose conforme glicemia pré-prandial
Insulina Lispro,Insulina Lispro,Referência,Subcutânea,100UI/mL,Dose conforme glicemia pré-prandial
Metimazol 5mg,Metimazol,Genérico,Oral,5mg,5-15mg de 8/8h
Iodo Radioativo I-131,Iodo Radioativo,Referência,Oral,cápsula,Dose conforme cintilografia
Levotiroxina 100mcg,Levotiroxina Sódica,Genérico,Oral,100mcg,Dose conforme TSH
Liotironina 25mcg,Liotironina Sódica,Genérico,Oral,25mcg,25mcg de 8/8h
Desmopressina 0.1mg,Acetato de Desmopressina,Referência,Oral,0.1mg,0.1-0.2mg ao dia
Octreotida 0.1mg,Acetato de Octreotida,Referência,Subcutânea,0.1mg,0.1mg de 8/8h
Hidrocortisona 20mg,Hidrocortisona,Genérico,Oral,20mg,20mg pela manhã
Prednisolona 5mg,Prednisolona,Genérico,Oral,5mg,5-40mg ao dia
Metilprednisolona 4mg,Metilprednisolona,Genérico,Oral,4mg,4-48mg ao dia
Betametasona 0.5mg,Betametasona,Genérico,Oral,0.5mg,0.5-8mg ao dia
Fludrocortisona 0.1mg,Acetato de Fludrocortisona,Genérico,Oral,0.1mg,0.1mg ao dia
Cabergolina 0.5mg,Cabergolina,Genérico,Oral,0.5mg,0.25-1mg por semana
Bromocriptina 2.5mg,Mesilato de Bromocriptina,Genérico,Oral,2.5mg,2.5mg de 12/12h
Testosterona 250mg/mL,Cipionato de Testosterona,Referência,Intramuscular,250mg/mL,250mg a cada 2-3 semanas
Estradiol 2mg,Estradiol,Genérico,Oral,2mg,1-2mg ao dia
Progesterona 200mg,Progesterona,Genérico,Oral,200mg,200mg ao dia
Raloxifeno 60mg,Cloridrato de Raloxifeno,Genérico,Oral,60mg,60mg ao dia
Tamoxifeno 20mg,Citrato de Tamoxifeno,Genérico,Oral,20mg,20mg ao dia
Anastrozol 1mg,Anastrozol,Genérico,Oral,1mg,1mg ao dia
Letrozol 2.5mg,Letrozol,Genérico,Oral,2.5mg,2.5mg ao dia
Exemestano 25mg,Exemestano,Genérico,Oral,25mg,25mg ao dia
Fulvestranto 250mg,Fulvestranto,Referência,Intramuscular,250mg,250mg mensalmente
Trastuzumab 440mg,Trastuzumab,Referência,Intravenosa,440mg,Dose conforme protocolo oncológico
Bevacizumab 400mg,Bevacizumab,Referência,Intravenosa,400mg,Dose conforme protocolo oncológico
Rituximab 500mg,Rituximab,Referência,Intravenosa,500mg,Dose conforme protocolo oncológico
Ciclofosfamida 200mg,Ciclofosfamida,Genérico,Oral,200mg,Dose conforme protocolo oncológico
Metotrexato 2.5mg,Metotrexato,Genérico,Oral,2.5mg,Dose conforme protocolo oncológico
Mercaptopurina 50mg,Mercaptopurina,Genérico,Oral,50mg,Dose conforme protocolo oncológico
Hidroxiureia 500mg,Hidroxiureia,Genérico,Oral,500mg,Dose conforme indicação hematológica
Imatinib 400mg,Mesilato de Imatinib,Genérico,Oral,400mg,400mg ao dia
Dasatinib 100mg,Dasatinib,Referência,Oral,100mg,100mg ao dia
Nilotinib 300mg,Nilotinib,Referência,Oral,300mg,300mg de 12/12h
Sorafenib 200mg,Sorafenib,Referência,Oral,200mg,400mg de 12/12h
Sunitinib 50mg,Sunitinib,Referência,Oral,50mg,50mg ao dia
Pazopanib 800mg,Pazopanib,Referência,Oral,800mg,800mg ao dia
Erlotinib 150mg,Erlotinib,Referência,Oral,150mg,150mg ao dia
Gefitinib 250mg,Gefitinib,Referência,Oral,250mg,250mg ao dia
Afatinib 40mg,Afatinib,Referência,Oral,40mg,40mg ao dia
Osimertinib 80mg,Osimertinib,Referência,Oral,80mg,80mg ao dia
Vemurafenib 960mg,Vemurafenib,Referência,Oral,960mg,960mg de 12/12h
Dabrafenib 150mg,Dabrafenib,Referência,Oral,150mg,150mg de 12/12h
Trametinib 2mg,Trametinib,Referência,Oral,2mg,2mg ao dia
Pembrolizumab 100mg,Pembrolizumab,Referência,Intravenosa,100mg,Dose conforme protocolo oncológico
Nivolumab 100mg,Nivolumab,Referência,Intravenosa,100mg,Dose conforme protocolo oncológico
Ipilimumab 50mg,Ipilimumab,Referência,Intravenosa,50mg,Dose conforme protocolo oncológico
Atezolizumab 1200mg,Atezolizumab,Referência,Intravenosa,1200mg,Dose conforme protocolo oncológico
Durvalumab 500mg,Durvalumab,Referência,Intravenosa,500mg,Dose conforme protocolo oncológico
Avelumab 800mg,Avelumab,Referência,Intravenosa,800mg,Dose conforme protocolo oncológico
